"subarray_0","subarray_0","subarray_3","subarray_3","subarray_3","subarray_3","subarray_3","subarray_3","subarray_3","subarray_3","subarray_3","subarray_3","subarray_3","subarray_3","subarray_3","subarray_3","subarray_3","subarray_3","subarray_6","subarray_6",
"subarray_0","subarray_0","subarray_3","subarray_3","subarray_3","subarray_3","subarray_3","subarray_3","subarray_3","subarray_3","subarray_3","subarray_3","subarray_3","subarray_3","subarray_3","subarray_3","subarray_3","subarray_3","subarray_6","subarray_6",
"subarray_1","subarray_1","subarray_4","subarray_4","subarray_4","subarray_4","subarray_4","subarray_4","subarray_4","subarray_4","subarray_4","subarray_4","subarray_4","subarray_4","subarray_4","subarray_4","subarray_4","subarray_4","subarray_7","subarray_7",
"subarray_1","subarray_1","subarray_4","subarray_4","subarray_4","subarray_4","subarray_4","subarray_4","subarray_4","subarray_4","subarray_4","subarray_4","subarray_4","subarray_4","subarray_4","subarray_4","subarray_4","subarray_4","subarray_7","subarray_7",
"subarray_1","subarray_1","subarray_4","subarray_4","subarray_4","subarray_4","subarray_4","subarray_4","subarray_4","subarray_4","subarray_4","subarray_4","subarray_4","subarray_4","subarray_4","subarray_4","subarray_4","subarray_4","subarray_7","subarray_7",
"subarray_1","subarray_1","subarray_4","subarray_4","subarray_4","subarray_4","subarray_4","subarray_4","subarray_4","subarray_4","subarray_4","subarray_4","subarray_4","subarray_4","subarray_4","subarray_4","subarray_4","subarray_4","subarray_7","subarray_7",
"subarray_1","subarray_1","subarray_4","subarray_4","subarray_4","subarray_4","subarray_4","subarray_4","subarray_4","subarray_4","subarray_4","subarray_4","subarray_4","subarray_4","subarray_4","subarray_4","subarray_4","subarray_4","subarray_7","subarray_7",
"subarray_1","subarray_1","subarray_4","subarray_4","subarray_4","subarray_4","subarray_4","subarray_4","subarray_4","subarray_4","subarray_4","subarray_4","subarray_4","subarray_4","subarray_4","subarray_4","subarray_4","subarray_4","subarray_7","subarray_7",
"subarray_1","subarray_1","subarray_4","subarray_4","subarray_4","subarray_4","subarray_4","subarray_4","subarray_4","subarray_4","subarray_4","subarray_4","subarray_4","subarray_4","subarray_4","subarray_4","subarray_4","subarray_4","subarray_7","subarray_7",
"subarray_1","subarray_1","subarray_4","subarray_4","subarray_4","subarray_4","subarray_4","subarray_4","subarray_4","subarray_4","subarray_4","subarray_4","subarray_4","subarray_4","subarray_4","subarray_4","subarray_4","subarray_4","subarray_7","subarray_7",
"subarray_1","subarray_1","subarray_4","subarray_4","subarray_4","subarray_4","subarray_4","subarray_4","subarray_4","subarray_4","subarray_4","subarray_4","subarray_4","subarray_4","subarray_4","subarray_4","subarray_4","subarray_4","subarray_7","subarray_7",
"subarray_1","subarray_1","subarray_4","subarray_4","subarray_4","subarray_4","subarray_4","subarray_4","subarray_4","subarray_4","subarray_4","subarray_4","subarray_4","subarray_4","subarray_4","subarray_4","subarray_4","subarray_4","subarray_7","subarray_7",
"subarray_1","subarray_1","subarray_4","subarray_4","subarray_4","subarray_4","subarray_4","subarray_4","subarray_4","subarray_4","subarray_4","subarray_4","subarray_4","subarray_4","subarray_4","subarray_4","subarray_4","subarray_4","subarray_7","subarray_7",
"subarray_1","subarray_1","subarray_4","subarray_4","subarray_4","subarray_4","subarray_4","subarray_4","subarray_4","subarray_4","subarray_4","subarray_4","subarray_4","subarray_4","subarray_4","subarray_4","subarray_4","subarray_4","subarray_7","subarray_7",
"subarray_1","subarray_1","subarray_4","subarray_4","subarray_4","subarray_4","subarray_4","subarray_4","subarray_4","subarray_4","subarray_4","subarray_4","subarray_4","subarray_4","subarray_4","subarray_4","subarray_4","subarray_4","subarray_7","subarray_7",
"subarray_1","subarray_1","subarray_4","subarray_4","subarray_4","subarray_4","subarray_4","subarray_4","subarray_4","subarray_4","subarray_4","subarray_4","subarray_4","subarray_4","subarray_4","subarray_4","subarray_4","subarray_4","subarray_7","subarray_7",
"subarray_1","subarray_1","subarray_4","subarray_4","subarray_4","subarray_4","subarray_4","subarray_4","subarray_4","subarray_4","subarray_4","subarray_4","subarray_4","subarray_4","subarray_4","subarray_4","subarray_4","subarray_4","subarray_7","subarray_7",
"subarray_1","subarray_1","subarray_4","subarray_4","subarray_4","subarray_4","subarray_4","subarray_4","subarray_4","subarray_4","subarray_4","subarray_4","subarray_4","subarray_4","subarray_4","subarray_4","subarray_4","subarray_4","subarray_7","subarray_7",
"subarray_2","subarray_2","subarray_5","subarray_5","subarray_5","subarray_5","subarray_5","subarray_5","subarray_5","subarray_5","subarray_5","subarray_5","subarray_5","subarray_5","subarray_5","subarray_5","subarray_5","subarray_5","subarray_8","subarray_8",
"subarray_2","subarray_2","subarray_5","subarray_5","subarray_5","subarray_5","subarray_5","subarray_5","subarray_5","subarray_5","subarray_5","subarray_5","subarray_5","subarray_5","subarray_5","subarray_5","subarray_5","subarray_5","subarray_8","subarray_8",
